s_id,s_name,phone_number,email,dep_name,birth_date,learning_year,d_name
8235167,Micki Trusslove,390-487-1999,mtrusslove0@census.gov,'math',6/21/1996,2,Trusslove
3250098,Shoshana Pargent,180-916-8580,spargent1@last.fm,'computer science',1/24/2009,5,Pargent
7612413,Gertrud Hellcat,759-259-4658,ghellcat2@deliciousdays.com,'anthropology',3/17/1993,4,Hellcat
8490256,Margo Sorensen,865-515-8346,msorensen3@wiley.com,'art',4/21/1965,1,Sorensen
8469880,Tome Guswell,370-394-7133,tguswell4@deviantart.com,'history',12/21/1996,3,Guswell
7950665,Tallie Danilyuk,490-934-6115,tdanilyuk5@blogspot.com,'geographics',11/22/1965,5,Danilyuk
4339385,Robina Grealish,450-551-1780,rgrealish6@over-blog.com,'biology',12/11/1968,4,Grealish
7040883,Jarib Bleythin,530-574-2158,jbleythin7@fc2.com,'cardiology',6/16/1974,2,Bleythin
3778854,Lance Peppett,349-193-0588,lpeppett8@etsy.com,'chemistry',10/4/1995,2,Peppett
3280950,Vanny Kyston,983-526-5881,vkyston9@time.com,'physics',3/9/1960,4,Kyston
5088865,Budd Scanlin,128-995-6135,bscanlina@disqus.com,'astronomy',2/7/2008,4,Scanlin
6510817,Maggy Lockyer,125-417-3250,mlockyerb@un.org,'ecology',3/23/1995,4,Lockyer
6343009,Doralynne Cranstone,180-889-9187,dcranstonec@forbes.com,'economics',1/25/2005,1,Cranstone
9086454,Douglas Kobus,347-346-2307,dkobusd@wired.com,'english',9/27/1981,4,Kobus
9733894,Bellina Dulson,227-319-3969,bdulsone@independent.co.uk,'engineering',8/12/2000,4,Dulson
4001053,Freeman Greep,457-344-2916,fgreepf@usgs.gov,'neurology',8/10/1963,2,Greep
8966901,Garvey Caustic,420-315-6143,gcausticg@4shared.com,'oncology',10/27/2003,1,Caustic
2784411,Hymie Rosellini,242-102-2124,hrosellinih@netscape.com,'theatre',8/7/1978,5,Rosellini
5058356,Murdoch Waghorne,401-332-3401,mwaghornei@paypal.com,'psychology',12/20/1986,1,Waghorne
7991824,Gabbi Paudin,739-826-6165,gpaudinj@msn.com,'sociology',8/20/1981,1,Paudin
5695294,Jephthah Mosey,591-277-0146,jmoseyk@webs.com,'math',12/18/1978,4,Mosey
3103014,Marcellina Skunes,205-823-7991,mskunesl@printfriendly.com,'computer science',4/21/1972,4,Skunes
1890437,Nessy Pfaff,201-906-0621,npfaffm@naver.com,'anthropology',3/8/1976,1,Pfaff
9993106,Bella Owtram,814-441-5978,bowtramn@e-recht24.de,'art',8/5/1991,5,Owtram
9193348,Kimberlyn Dubber,346-179-4725,kdubbero@uol.com.br,'history',3/24/2004,5,Dubber
9964383,Coop Emmanuel,206-991-3800,cemmanuelp@yellowpages.com,'geographics',11/1/1999,1,Emmanuel
6106842,Virginie Cooling,470-458-2809,vcoolingq@paypal.com,'biology',12/31/1975,1,Cooling
8477996,Iris Cogan,683-492-2545,icoganr@economist.com,'cardiology',9/2/2002,5,Cogan
5340902,Cross Dewing,413-549-5747,cdewings@redcross.org,'chemistry',1/5/1970,1,Dewing
3527532,Robby Mucklestone,987-667-4307,rmucklestonet@bloglovin.com,'physics',10/17/2004,2,Mucklestone
1364977,Deina Buckham,226-867-6182,dbuckhamu@sakura.ne.jp,'astronomy',12/23/2004,1,Buckham
4713853,Kellia O'Hartnett,944-594-5490,kohartnettv@edublogs.org,'ecology',12/30/1981,3,O'Hartnett
6038655,Collette Fishburn,308-298-0361,cfishburnw@soundcloud.com,'economics',10/3/1974,2,Fishburn
2508142,Bill Radnage,181-594-4772,bradnagex@wired.com,'english',3/14/1988,5,Radnage
6953170,Alvy Dudhill,698-454-8016,adudhilly@g.co,'engineering',12/24/1992,2,Dudhill
3540619,Kial Maryet,802-718-4369,kmaryetz@hugedomains.com,'neurology',11/2/1969,1,Maryet
7447902,Gilberta Fewell,149-713-9157,gfewell10@lycos.com,'oncology',4/11/1962,2,Fewell
2016081,Sidonnie Nabbs,642-326-3393,snabbs11@php.net,'theatre',12/11/2004,4,Nabbs
6607073,Gilberte Nice,181-676-1057,gnice12@sphinn.com,'psychology',6/25/2005,3,Nice
8238702,Lillian Lampkin,284-643-1239,llampkin13@answers.com,'sociology',1/3/1988,5,Lampkin
1270493,Lainey Raise,720-627-2446,lraise14@dot.gov,'math',4/29/1966,1,Raise
8760281,Frankie Siburn,974-968-9481,fsiburn15@wix.com,'computer science',4/2/1963,5,Siburn
3838839,Richmond Nystrom,563-997-4126,rnystrom16@whitehouse.gov,'anthropology',2/25/1995,5,Nystrom
4440021,Delilah Heckner,478-629-3527,dheckner17@utexas.edu,'art',5/16/1961,2,Heckner
7509347,Martin Wilber,169-738-7893,mwilber18@virginia.edu,'history',8/17/1975,1,Wilber
6845988,Chrysler Shipperbottom,709-464-3103,cshipperbottom19@businesswire.com,'geographics',2/4/1976,3,Shipperbottom
5167988,Rayna Preene,533-256-3442,rpreene1a@merriam-webster.com,'biology',10/21/1965,1,Preene
2948643,Colin Coslett,276-745-1049,ccoslett1b@stanford.edu,'cardiology',8/8/1966,5,Coslett
5451736,Shell Hansie,329-842-8650,shansie1c@engadget.com,'chemistry',12/13/1989,5,Hansie
8247441,Randa Cudbird,565-557-6018,rcudbird1d@admin.ch,'physics',2/7/1964,4,Cudbird
4691342,Karlie Gallen,358-729-4702,kgallen1e@delicious.com,'astronomy',8/27/1993,4,Gallen
6728976,Brenda Hamson,462-672-6631,bhamson1f@webnode.com,'ecology',2/3/2000,1,Hamson
5448096,Farr Letchford,641-781-8952,fletchford1g@ning.com,'economics',6/15/2001,5,Letchford
1682023,Martino Inskipp,260-109-2549,minskipp1h@hao123.com,'english',2/16/1964,5,Inskipp
3337484,Camella Drysdale,584-361-2876,cdrysdale1i@is.gd,'engineering',1/16/1961,4,Drysdale
2999601,Duncan Inglish,948-467-3597,dinglish1j@patch.com,'neurology',7/4/1985,2,Inglish
4597748,Gonzales McGuane,791-358-7426,gmcguane1k@vimeo.com,'oncology',12/4/1985,5,McGuane
4138750,Dasie Mullord,281-112-0369,dmullord1l@deliciousdays.com,'theatre',8/27/1996,3,Mullord
5892055,Laurene Lesek,127-497-3756,llesek1m@hhs.gov,'psychology',7/24/1981,2,Lesek
9553676,Marthena Billing,587-898-6331,mbilling1n@slashdot.org,'sociology',4/22/1994,5,Billing
2108273,Derek MacCallam,949-590-3588,dmaccallam1o@mtv.com,'math',8/12/2000,2,MacCallam
7910812,Lennard Linggard,506-292-2073,llinggard1p@newyorker.com,'computer science',5/12/2009,5,Linggard
3615085,Blinnie Kettles,391-143-3671,bkettles1q@blogger.com,'anthropology',9/18/1997,3,Kettles
5161141,Alfie Sendley,550-486-0026,asendley1r@tamu.edu,'art',12/7/1989,2,Sendley
3406486,Essa Saul,869-645-3521,esaul1s@ft.com,'history',4/21/1965,3,Saul
2747492,Dennie Plampin,917-156-2749,dplampin1t@networkadvertising.org,'geographics',8/23/1982,1,Plampin
7143637,Jobina Ferschke,342-726-1627,jferschke1u@marriott.com,'biology',5/31/1989,5,Ferschke
3956340,Marshall Kingswell,148-708-9439,mkingswell1v@1und1.de,'cardiology',4/20/1983,4,Kingswell
1695546,Margaret Lampkin,900-601-0482,mlampkin1w@ebay.com,'chemistry',7/8/2005,3,Lampkin
8517351,Vicki Bradnum,628-942-9842,vbradnum1x@baidu.com,'physics',10/1/1981,2,Bradnum
5988977,Tiffy Bice,924-278-6069,tbice1y@cmu.edu,'astronomy',6/25/2006,5,Bice
1791062,Worth Larrett,194-334-7640,wlarrett1z@webs.com,'ecology',12/18/1974,5,Larrett
6042566,Sunshine Hollyard,458-864-4964,shollyard20@phpbb.com,'economics',1/12/2000,3,Hollyard
7704742,Darnell Theseira,575-907-4636,dtheseira21@g.co,'english',6/7/1969,2,Theseira
9390479,Priscilla Durdy,906-523-6136,pdurdy22@apple.com,'engineering',3/8/1987,1,Durdy
7205051,Debby La Torre,384-415-5866,dla23@ustream.tv,'neurology',8/20/1965,2,La Torre
2820748,Sheila-kathryn Matessian,569-823-1095,smatessian24@scientificamerican.com,'oncology',5/11/1995,3,Matessian
7222680,Joli Brevitt,355-459-9657,jbrevitt25@reddit.com,'theatre',2/14/1977,1,Brevitt
6630481,Betsy Schimpke,643-729-3005,bschimpke26@home.pl,'psychology',11/28/1962,4,Schimpke
6556021,Orel Grinnov,876-704-5560,ogrinnov27@typepad.com,'sociology',12/29/1967,2,Grinnov
8603160,Darcee Rainsbury,719-761-9092,drainsbury28@woothemes.com,'math',5/10/1973,3,Rainsbury
5357829,Gaile Elden,675-494-8989,gelden29@intel.com,'computer science',3/24/1964,4,Elden
8267491,Kira Rollason,533-387-3806,krollason2a@hatena.ne.jp,'anthropology',11/5/1973,2,Rollason
2507625,Becki Ambrosio,239-613-9699,bambrosio2b@economist.com,'art',10/30/1981,1,Ambrosio
4162236,Horton Guerreiro,627-899-8203,hguerreiro2c@pen.io,'history',2/10/2003,3,Guerreiro
2416181,Ernestine Baszkiewicz,953-228-0196,ebaszkiewicz2d@over-blog.com,'geographics',9/15/2006,3,Baszkiewicz
8859169,Yolanda Gorry,537-818-1017,ygorry2e@youtu.be,'biology',2/21/1993,3,Gorry
3018916,Billie Wentworth,821-436-8001,bwentworth2f@jigsy.com,'cardiology',8/9/1980,4,Wentworth
1704142,Agata Zappel,822-311-2830,azappel2g@ebay.co.uk,'chemistry',2/14/1979,2,Zappel
1959074,Phillip Yesipov,553-250-0398,pyesipov2h@marketwatch.com,'physics',10/29/1989,4,Yesipov
5343215,Easter Jermyn,392-565-4790,ejermyn2i@webs.com,'astronomy',11/14/2000,1,Jermyn
7785661,Danny Paolotto,509-970-3497,dpaolotto2j@mapquest.com,'ecology',8/4/1978,4,Paolotto
1534483,Mora Paiton,903-480-9993,mpaiton2k@myspace.com,'economics',6/12/1999,3,Paiton
8392145,Jean Garry,528-869-6707,jgarry2l@narod.ru,'english',12/30/2003,3,Garry
1209820,Risa Pittford,449-836-2792,rpittford2m@hexun.com,'engineering',8/20/1962,3,Pittford
6192230,Jed Crumbie,615-578-4391,jcrumbie2n@vkontakte.ru,'neurology',4/7/1970,4,Crumbie
8109170,Saree McKernan,251-586-2303,smckernan2o@msn.com,'oncology',4/30/1989,2,McKernan
6020232,Clarie Stoade,218-872-2801,cstoade2p@photobucket.com,'theatre',2/18/1969,3,Stoade
9142092,Burnaby Bailess,537-902-1966,bbailess2q@toplist.cz,'psychology',11/15/1972,4,Bailess
9902912,Ashbey Minucci,276-476-6862,aminucci2r@livejournal.com,'sociology',5/20/1985,1,Minucci
5959148,Letisha Presnell,540-517-7005,lpresnell2s@privacy.gov.au,'math',11/18/2001,4,Presnell
6087232,Florance Kenningham,110-891-4492,fkenningham2t@cbsnews.com,'computer science',10/8/1999,3,Kenningham
8263106,Jordain McAuslene,299-983-1413,jmcauslene2u@elegantthemes.com,'anthropology',7/28/1965,3,McAuslene
1369240,Constancia Sifflett,472-559-5004,csifflett2v@redcross.org,'art',4/8/1989,3,Sifflett
8413470,Loren Hamby,756-851-5502,lhamby2w@pcworld.com,'history',9/2/1962,2,Hamby
2613957,Burtie Hukins,625-957-3378,bhukins2x@cnet.com,'geographics',6/23/2008,3,Hukins
7947171,Hedy Toovey,972-237-5476,htoovey2y@salon.com,'biology',7/11/1974,5,Toovey
5690142,Nicolea Colomb,430-998-0254,ncolomb2z@chronoengine.com,'cardiology',9/30/2003,3,Colomb
9522316,Shaughn Meier,979-779-5673,smeier30@xrea.com,'chemistry',10/8/1992,2,Meier
5604031,Susanna Northbridge,846-514-9678,snorthbridge31@virginia.edu,'physics',1/5/1997,3,Northbridge
1643851,Bailey Robertshaw,928-993-6985,brobertshaw32@loc.gov,'astronomy',6/10/1977,2,Robertshaw
9955621,Rolfe Fragino,855-301-0633,rfragino33@youtu.be,'ecology',1/20/2008,3,Fragino
2271693,Giovanni Fairest,971-700-1310,gfairest34@soup.io,'economics',10/13/1990,1,Fairest
1824011,Win McCluskey,202-949-4937,wmccluskey35@goodreads.com,'english',6/8/1996,1,McCluskey
6811833,Lamar Whall,353-986-6724,lwhall36@state.gov,'engineering',4/14/1983,2,Whall
6817750,Gabbey Bullon,793-841-9715,gbullon37@archive.org,'neurology',11/29/2000,1,Bullon
1876781,Concettina Tichner,359-543-3566,ctichner38@wunderground.com,'oncology',10/4/1966,5,Tichner
2510589,Gigi Wabe,601-113-0846,gwabe39@mozilla.org,'theatre',5/25/1995,4,Wabe
4769489,Olly Blaxeland,552-938-1502,oblaxeland3a@mac.com,'psychology',8/22/1989,1,Blaxeland
2238739,Desiri Pottery,722-107-9019,dpottery3b@wsj.com,'sociology',2/2/1995,4,Pottery
3145341,Donnie Flewin,245-603-8821,dflewin3c@studiopress.com,'math',3/15/1979,4,Flewin
2332948,Caterina Jacobson,254-630-1239,cjacobson3d@livejournal.com,'computer science',2/23/1998,2,Jacobson
4790956,Kevon Neely,433-820-1715,kneely3e@accuweather.com,'anthropology',3/22/1977,2,Neely
3404958,Andra Lougheed,738-414-7419,alougheed3f@slideshare.net,'art',2/23/1971,1,Lougheed
3000281,Farra Rawcliffe,559-105-9772,frawcliffe3g@jigsy.com,'history',11/27/1988,2,Rawcliffe
2877346,Alicea Kennerknecht,988-885-7014,akennerknecht3h@umich.edu,'geographics',3/8/1989,2,Kennerknecht
7649466,Alleyn McKeurtan,385-932-6846,amckeurtan3i@nydailynews.com,'biology',4/11/1966,3,McKeurtan
8222434,Calv Sillis,549-616-1586,csillis3j@cloudflare.com,'cardiology',5/13/1963,1,Sillis
6301491,Martguerita Espinheira,317-484-1943,mespinheira3k@comcast.net,'chemistry',3/6/1965,4,Espinheira
4643197,Oren Kenninghan,355-867-3566,okenninghan3l@smh.com.au,'physics',3/22/1962,1,Kenninghan
5684825,Vachel Lightewood,155-982-2180,vlightewood3m@rediff.com,'astronomy',3/8/1979,1,Lightewood
1457858,Judd Perris,251-248-0896,jperris3n@unicef.org,'ecology',8/7/1966,5,Perris
6200323,Lauralee Wrinch,319-723-4327,lwrinch3o@opera.com,'economics',10/27/2008,1,Wrinch
6925734,Broderic Tumielli,644-824-4492,btumielli3p@redcross.org,'english',9/30/1964,5,Tumielli
3697922,Garrik Trevna,331-739-0036,gtrevna3q@tmall.com,'engineering',8/18/2001,4,Trevna
8342600,Brade Akess,212-756-0564,bakess3r@cafepress.com,'neurology',8/10/1973,5,Akess
9591484,Yoshi Feldhammer,916-621-2933,yfeldhammer3s@unicef.org,'oncology',8/9/1960,2,Feldhammer
5246212,Addy Longlands,718-924-4523,alonglands3t@newyorker.com,'theatre',8/6/1972,1,Longlands
1304354,Vlad Wigfall,717-552-6142,vwigfall3u@wikipedia.org,'psychology',12/2/1995,3,Wigfall
7483614,Raymond Pepi,792-251-5009,rpepi3v@timesonline.co.uk,'sociology',4/3/2003,2,Pepi
1442723,Twila Treend,847-552-6810,ttreend3w@e-recht24.de,'math',1/16/2009,3,Treend
8504515,Caria Pettet,723-949-5595,cpettet3x@qq.com,'computer science',2/16/2007,3,Pettet
5772445,Carena Jocelyn,680-357-1342,cjocelyn3y@comcast.net,'anthropology',8/23/2005,4,Jocelyn
9503675,Felicia Olennikov,605-155-3124,folennikov3z@webnode.com,'art',7/27/2008,4,Olennikov
2370248,Brnaba Freschi,427-904-6905,bfreschi40@hexun.com,'history',10/5/1989,4,Freschi
4288509,Tann Macek,142-517-9407,tmacek41@slate.com,'geographics',1/31/1975,1,Macek
7827574,Shandy Tellenbroker,801-886-8815,stellenbroker42@bing.com,'biology',4/14/1967,4,Tellenbroker
2460788,Yolanda Bott,678-708-4473,ybott43@washington.edu,'cardiology',12/3/1980,3,Bott
9091166,Kimberlyn Stonhouse,721-997-0311,kstonhouse44@macromedia.com,'chemistry',3/1/1999,2,Stonhouse
2685146,Debbie Cocher,627-109-9300,dcocher45@microsoft.com,'physics',11/24/2001,3,Cocher
3074527,Quill Kenyam,607-879-5308,qkenyam46@google.it,'astronomy',4/23/1999,3,Kenyam
2731575,Gabrila Piens,222-116-1300,gpiens47@icq.com,'ecology',3/19/1969,2,Piens
4627538,Janella Kinavan,130-759-6948,jkinavan48@yellowbook.com,'economics',2/12/1977,2,Kinavan
9884541,Boycey Riolfi,484-979-8709,briolfi49@mapquest.com,'english',9/21/1986,5,Riolfi
6958913,Selle Cartmale,301-624-4867,scartmale4a@china.com.cn,'engineering',7/31/1960,3,Cartmale
6516703,Tate Grayland,152-402-8979,tgrayland4b@multiply.com,'neurology',10/16/1977,1,Grayland
9618832,Lauraine Ysson,304-176-6934,lysson4c@ibm.com,'oncology',7/25/1970,4,Ysson
5925114,Che Lynnitt,103-378-1096,clynnitt4d@sakura.ne.jp,'theatre',4/21/2008,4,Lynnitt
6929021,Cookie Kennerknecht,752-632-2478,ckennerknecht4e@desdev.cn,'psychology',8/12/1965,4,Kennerknecht
9834765,Tommie Schnieder,673-768-2864,tschnieder4f@opensource.org,'sociology',6/29/1978,1,Schnieder
2253406,Ashil O'Cuddie,762-762-2460,aocuddie4g@bbb.org,'math',1/28/1972,3,O'Cuddie
1967389,Ruth Thurlbeck,893-738-4253,rthurlbeck4h@stumbleupon.com,'computer science',9/19/1992,5,Thurlbeck
7752733,Imojean Janney,671-428-9324,ijanney4i@netlog.com,'anthropology',8/27/1973,2,Janney
4142353,Mariana Eyeington,551-936-8884,meyeington4j@sitemeter.com,'art',12/8/1967,5,Eyeington
4042829,Sondra Hansen,391-662-5742,shansen4k@tripadvisor.com,'history',3/22/1992,1,Hansen
1729174,Lorinda Dowdle,763-789-2694,ldowdle4l@usatoday.com,'geographics',9/19/1969,3,Dowdle
4749048,Huntley Tilley,439-790-9148,htilley4m@wikispaces.com,'biology',5/9/1969,5,Tilley
5684766,Rebbecca Stanger,793-450-4248,rstanger4n@cdbaby.com,'cardiology',3/12/2005,2,Stanger
6143339,Latisha Patry,516-409-1395,lpatry4o@cornell.edu,'chemistry',8/5/2009,2,Patry
9276889,Elden Elcomb,217-801-7501,eelcomb4p@quantcast.com,'physics',11/12/2002,3,Elcomb
4812381,Thayne Gaylard,770-472-1034,tgaylard4q@php.net,'astronomy',4/30/2008,4,Gaylard
5264321,Deana Hebron,513-259-3769,dhebron4r@sogou.com,'ecology',11/26/2002,5,Hebron
1333635,Wood Baldack,146-264-1994,wbaldack4s@uiuc.edu,'economics',11/19/1967,3,Baldack
5452630,Bertram Davidovits,930-999-4227,bdavidovits4t@spotify.com,'english',12/20/1964,4,Davidovits
3763636,Nonah Rozec,417-857-6590,nrozec4u@vistaprint.com,'engineering',6/20/1980,3,Rozec
6407834,Bryant Arsmith,250-423-7195,barsmith4v@biglobe.ne.jp,'neurology',3/29/2004,5,Arsmith
7294773,Sharai Berget,524-315-0502,sberget4w@over-blog.com,'oncology',7/25/1987,4,Berget
2606258,Rafael Sigg,616-135-3163,rsigg4x@odnoklassniki.ru,'theatre',10/12/1974,5,Sigg
5435420,Neala Pape,495-612-2675,npape4y@techcrunch.com,'psychology',8/7/2005,4,Pape
6234128,Paton Muffitt,467-974-7479,pmuffitt4z@shinystat.com,'sociology',11/24/2003,5,Muffitt
7508998,Marguerite Penfold,618-211-9150,mpenfold50@sakura.ne.jp,'math',7/6/1975,3,Penfold
7405359,Yulma Cicculini,386-927-0010,ycicculini51@columbia.edu,'computer science',11/30/1993,5,Cicculini
8595933,Roana Kadar,128-255-9175,rkadar52@xinhuanet.com,'anthropology',11/17/1970,1,Kadar
3955647,Garey Hunnybun,472-886-0893,ghunnybun53@goo.gl,'art',8/28/1982,2,Hunnybun
6681575,Vanna Barwise,157-266-6420,vbarwise54@wiley.com,'history',9/27/2006,4,Barwise
2747524,Konstantin Dearan,543-955-2382,kdearan55@reddit.com,'geographics',4/8/1983,5,Dearan
4746239,Feodora Fellgate,168-905-8799,ffellgate56@gravatar.com,'biology',10/12/1991,1,Fellgate
6007966,Jenni Fratczak,178-830-0812,jfratczak57@fema.gov,'cardiology',12/29/2006,2,Fratczak
8340030,Ruttger Rodolfi,764-771-3223,rrodolfi58@bing.com,'chemistry',9/23/1961,4,Rodolfi
6285749,Selina Peyes,662-189-7671,speyes59@dion.ne.jp,'physics',5/15/2002,5,Peyes
3147539,Austen Hurworth,463-745-3433,ahurworth5a@over-blog.com,'astronomy',9/20/1998,3,Hurworth
7783128,Murielle Lyle,552-324-8660,mlyle5b@tumblr.com,'ecology',1/3/2009,3,Lyle
7748164,Wat Capp,886-709-1838,wcapp5c@biglobe.ne.jp,'economics',12/28/1972,3,Capp
2040560,Sim Druitt,994-369-4113,sdruitt5d@hostgator.com,'english',4/2/1991,2,Druitt
5069435,Terence Weedon,246-421-0462,tweedon5e@intel.com,'engineering',4/22/1972,1,Weedon
5799479,Mahmud New,446-443-7389,mnew5f@reuters.com,'neurology',9/13/1975,3,New
8640625,Cameron Hillen,846-533-4372,chillen5g@google.co.uk,'oncology',5/13/1972,4,Hillen
4157050,Kin Dedham,628-745-3848,kdedham5h@parallels.com,'theatre',3/19/1985,5,Dedham
5716856,Dominick Noli,292-675-6843,dnoli5i@scribd.com,'psychology',6/7/2003,5,Noli
7244951,Jedediah Tomlins,309-634-6039,jtomlins5j@hatena.ne.jp,'sociology',10/23/1981,4,Tomlins
9240815,Kennedy Palatini,938-671-3674,kpalatini5k@ebay.com,'math',2/21/1985,5,Palatini
8868657,Ebonee MacCrossan,870-784-8044,emaccrossan5l@ezinearticles.com,'computer science',10/1/1992,3,MacCrossan
7450295,Fredra Plevey,751-568-9509,fplevey5m@cafepress.com,'anthropology',11/14/2004,2,Plevey
1463331,Mada Butterwick,583-740-2875,mbutterwick5n@ucoz.ru,'art',3/20/1985,4,Butterwick
5749170,Deeann Prettejohns,183-717-7943,dprettejohns5o@discuz.net,'history',6/3/2005,2,Prettejohns
8461929,Xylina Orys,815-709-6200,xorys5p@chron.com,'geographics',4/18/1962,1,Orys
3760801,Garey Rosenblad,928-899-8366,grosenblad5q@cornell.edu,'biology',5/16/1983,2,Rosenblad
2831383,Amandie McCrisken,665-491-5218,amccrisken5r@symantec.com,'cardiology',2/25/1994,1,McCrisken
7902589,Analise Lindegard,581-876-2423,alindegard5s@cnet.com,'chemistry',5/24/1985,4,Lindegard
6416252,Mychal Pieterick,119-640-2447,mpieterick5t@cnet.com,'physics',4/3/2006,3,Pieterick
5685365,Michale Dmitrovic,381-856-1316,mdmitrovic5u@com.com,'astronomy',11/9/1972,4,Dmitrovic
4373338,Andriette Collomosse,208-274-8615,acollomosse5v@sina.com.cn,'ecology',10/27/1978,1,Collomosse
2748575,Matteo Abrahami,451-372-1979,mabrahami5w@360.cn,'economics',1/23/1972,5,Abrahami
4699489,Farley Guiton,367-308-5917,fguiton5x@cdbaby.com,'english',1/17/1979,3,Guiton
3279091,Bevvy Tullett,449-581-3851,btullett5y@privacy.gov.au,'engineering',4/14/1968,4,Tullett
2922094,Hinda Eckersall,742-754-3253,heckersall5z@creativecommons.org,'neurology',11/15/2006,4,Eckersall
8294458,Danyette Youngs,229-312-4187,dyoungs60@cnbc.com,'oncology',1/28/1990,1,Youngs
4405544,Charmine Howatt,785-256-8713,chowatt61@weebly.com,'theatre',7/23/1997,2,Howatt
7730535,Clara Roffe,951-468-8508,croffe62@home.pl,'psychology',7/26/1973,1,Roffe
4384537,Butch Boag,345-154-7786,bboag63@slate.com,'sociology',10/12/1991,4,Boag
6521741,Casandra Figin,760-328-2966,cfigin64@webnode.com,'math',9/8/1984,4,Figin
6517845,Rosetta Etock,656-730-8891,retock65@google.ru,'computer science',6/27/2009,3,Etock
8119534,Adelaide Roche,429-699-7854,aroche66@ft.com,'anthropology',1/19/1995,5,Roche
4209263,Megan McCullum,824-756-0260,mmccullum67@stumbleupon.com,'art',8/12/1979,1,McCullum
1838365,Gilburt Konmann,929-262-2554,gkonmann68@wp.com,'history',2/16/1988,1,Konmann
7480229,Donelle Pally,693-443-4001,dpally69@cloudflare.com,'geographics',5/26/1968,1,Pally
8270699,Leona McBrier,185-556-6283,lmcbrier6a@mashable.com,'biology',1/2/1968,4,McBrier
2291462,Florry Kummerlowe,664-943-5379,fkummerlowe6b@plala.or.jp,'cardiology',4/30/1971,3,Kummerlowe
5820748,Salim Lockley,808-313-4437,slockley6c@imageshack.us,'chemistry',7/6/1980,5,Lockley
1909662,Kimberley Kordt,826-760-5241,kkordt6d@miitbeian.gov.cn,'physics',7/12/1980,4,Kordt
3163705,Merline Pillinger,837-335-5317,mpillinger6e@ameblo.jp,'astronomy',4/28/1996,3,Pillinger
2412632,Kristin Jahns,539-897-0220,kjahns6f@mediafire.com,'ecology',3/17/2000,3,Jahns
6176271,Malissa Seale,272-464-6907,mseale6g@blog.com,'economics',11/7/1979,4,Seale
9466402,Jessalyn Nancarrow,919-440-5158,jnancarrow6h@samsung.com,'english',8/7/1998,4,Nancarrow
4018011,Verne MacKereth,342-185-8485,vmackereth6i@biblegateway.com,'engineering',12/8/1989,2,MacKereth
3988720,Melba Dalglish,641-643-6638,mdalglish6j@microsoft.com,'neurology',10/28/1976,4,Dalglish
9874921,Geordie Tidbold,816-875-8734,gtidbold6k@wiley.com,'oncology',10/25/1983,1,Tidbold
9976845,Iggie Cleworth,912-279-6787,icleworth6l@e-recht24.de,'theatre',1/31/2009,1,Cleworth
8920506,Zelma Crowder,899-622-2834,zcrowder6m@netscape.com,'psychology',5/14/1966,1,Crowder
1104067,Augustus Head,843-349-8238,ahead6n@mozilla.org,'sociology',8/24/1986,3,Head
1765938,Gussie Pache,535-491-5373,gpache6o@amazon.de,'math',9/11/1968,3,Pache
7105481,Valentine Quodling,853-304-8629,vquodling6p@blogtalkradio.com,'computer science',11/13/1996,3,Quodling
9413687,Kaile Weond,462-382-2185,kweond6q@latimes.com,'anthropology',7/21/2008,1,Weond
6485100,Smith Kibbee,501-584-3875,skibbee6r@reverbnation.com,'art',8/15/1995,4,Kibbee
3439117,Gabe Bygrave,150-903-3273,gbygrave6s@bravesites.com,'history',1/1/1996,4,Bygrave
1770539,Kristien Geaveny,690-849-1671,kgeaveny6t@nature.com,'geographics',1/25/1984,3,Geaveny
2768902,Cynthy Frazer,274-427-3154,cfrazer6u@weibo.com,'biology',7/30/1968,4,Frazer
1663210,Freedman Perl,376-745-9646,fperl6v@newyorker.com,'cardiology',4/4/1961,5,Perl
4052335,Hubert Frick,978-703-7916,hfrick6w@artisteer.com,'chemistry',2/26/1960,1,Frick
1779494,Jammal Gianettini,754-973-2680,jgianettini6x@storify.com,'physics',12/3/2001,5,Gianettini
4322102,Rheta Alenov,921-850-5871,ralenov6y@google.com,'astronomy',3/29/2006,4,Alenov
7208945,Clarissa Kember,525-973-2227,ckember6z@usnews.com,'ecology',12/22/1962,3,Kember
9023496,Nadya Keynes,820-341-1180,nkeynes70@free.fr,'economics',8/1/1996,1,Keynes
6664339,Georgena Ratcliff,546-808-4017,gratcliff71@friendfeed.com,'english',1/30/1971,2,Ratcliff
7040536,Dalia Claessens,215-372-7224,dclaessens72@odnoklassniki.ru,'engineering',1/3/2000,4,Claessens
3244090,Lorettalorna McLugish,622-480-1536,lmclugish73@illinois.edu,'neurology',7/31/1989,1,McLugish
3552441,Skye Lucas,719-157-5187,slucas74@webeden.co.uk,'oncology',12/25/1985,4,Lucas
6763395,Donelle Eldritt,202-692-5785,deldritt75@diigo.com,'theatre',2/22/1984,1,Eldritt
5883619,Daniella Vicent,269-453-7883,dvicent76@blogs.com,'psychology',3/23/2000,5,Vicent
1606673,Michel McCard,448-164-1633,mmccard77@timesonline.co.uk,'sociology',7/2/1972,5,McCard
2666860,Horton Plaid,818-222-9736,hplaid78@webs.com,'math',1/30/1999,4,Plaid
2422571,Sergio Maultby,178-805-8490,smaultby79@nymag.com,'computer science',2/20/1966,3,Maultby
5707309,Reilly Pennaman,295-575-2598,rpennaman7a@sun.com,'anthropology',5/3/1999,4,Pennaman
7170739,Carson Kynvin,290-359-3456,ckynvin7b@dailymail.co.uk,'art',11/23/1990,4,Kynvin
6213938,Berni Dubois,274-333-7548,bdubois7c@bbc.co.uk,'history',6/6/1979,3,Dubois
2194718,Claiborn Dominique,601-757-5934,cdominique7d@wp.com,'geographics',4/10/1960,2,Dominique
2126219,Brooks Bennett,383-658-6465,bbennett7e@java.com,'biology',3/1/1980,3,Bennett
6658956,Leupold Dumbleton,354-465-8570,ldumbleton7f@instagram.com,'cardiology',4/13/1977,2,Dumbleton
4221274,Vinson Pickhaver,190-494-8331,vpickhaver7g@51.la,'chemistry',2/17/1996,2,Pickhaver
7420620,Romona Giovanizio,559-703-3403,rgiovanizio7h@cmu.edu,'physics',11/26/1964,4,Giovanizio
8740098,Myrna Peers,956-321-6978,mpeers7i@theglobeandmail.com,'astronomy',2/16/1987,4,Peers
8103236,Latrena Janak,355-800-0267,ljanak7j@de.vu,'ecology',6/29/1983,2,Janak
7131330,Cymbre Blum,108-350-1786,cblum7k@amazon.co.jp,'economics',6/7/1975,4,Blum
7724125,Frayda Alldritt,559-573-0914,falldritt7l@yellowpages.com,'english',7/5/1966,2,Alldritt
6658635,Franciskus Wyett,539-132-4870,fwyett7m@diigo.com,'engineering',4/13/1982,4,Wyett
3279694,Bartlet Tesdale,221-334-5641,btesdale7n@nsw.gov.au,'neurology',9/27/1981,4,Tesdale
8415132,Andris Buckie,201-350-8402,abuckie7o@blogger.com,'oncology',10/5/1976,1,Buckie
3656189,Theodoric Jaksic,523-660-1109,tjaksic7p@ted.com,'theatre',11/12/1961,4,Jaksic
9640192,Quintin Donati,441-103-6088,qdonati7q@eepurl.com,'psychology',2/1/1995,2,Donati
2609133,Dianna Cawthorn,611-688-5106,dcawthorn7r@digg.com,'sociology',5/26/1966,2,Cawthorn
2790368,Anabal Gurg,100-663-7760,agurg7s@umn.edu,'math',10/30/2000,4,Gurg
2529634,Teddie Biasetti,743-955-1485,tbiasetti7t@surveymonkey.com,'computer science',3/17/1966,2,Biasetti
1724659,Rod Bouzek,800-734-5540,rbouzek7u@gnu.org,'anthropology',10/24/1965,4,Bouzek
9199087,Mildrid Holtaway,891-460-3727,mholtaway7v@umich.edu,'art',4/3/2004,4,Holtaway
5371635,Sarge Askam,437-625-2354,saskam7w@wired.com,'history',10/17/1987,2,Askam
1173025,Linnet Blakey,441-596-0861,lblakey7x@1688.com,'geographics',3/1/1988,5,Blakey
1520191,Agnella Philps,618-207-5251,aphilps7y@yolasite.com,'biology',11/21/1978,3,Philps
4872290,Catha Bilofsky,369-234-3042,cbilofsky7z@mac.com,'cardiology',6/3/2008,1,Bilofsky
8729588,Fleurette Filkin,455-128-4156,ffilkin80@ca.gov,'chemistry',6/6/2003,5,Filkin
5188392,Bobbie Reyes,334-471-6453,breyes81@theatlantic.com,'physics',12/3/1998,5,Reyes
9977088,Kacy Combes,349-705-3585,kcombes82@1688.com,'astronomy',12/26/1983,1,Combes
4914528,Ami McGennis,923-845-6218,amcgennis83@w3.org,'ecology',1/30/1983,4,McGennis
5725974,Richart Clever,955-772-4052,rclever84@ucsd.edu,'economics',7/29/1978,2,Clever
6038610,Benedicto Parkisson,946-720-1876,bparkisson85@lulu.com,'english',5/26/1982,1,Parkisson
2699488,Abbe Speachley,753-251-0695,aspeachley86@thetimes.co.uk,'engineering',2/15/1975,5,Speachley
8065066,Hilliard Simao,451-555-1918,hsimao87@friendfeed.com,'neurology',3/8/1987,4,Simao
1381883,Adrea Muir,706-965-8769,amuir88@issuu.com,'oncology',11/15/2001,5,Muir
1676087,Angie Ebbin,205-668-7670,aebbin89@cbsnews.com,'theatre',8/9/1987,2,Ebbin
2521226,Freddi Lamyman,534-362-0550,flamyman8a@wordpress.com,'psychology',5/27/1976,3,Lamyman
9879143,Jarvis Darinton,794-588-9083,jdarinton8b@tiny.cc,'sociology',2/15/1964,5,Darinton
1116498,Rachele ducarme,184-747-9898,rducarme8c@indiegogo.com,'math',12/27/2000,2,ducarme
6347269,Randie Scripps,185-857-7192,rscripps8d@yellowbook.com,'computer science',7/10/1965,4,Scripps
4329360,Anastasie Carette,452-144-7703,acarette8e@tripadvisor.com,'anthropology',9/6/2006,5,Carette
3162161,Sadella Daville,559-676-9121,sdaville8f@wordpress.org,'art',5/15/1976,1,Daville
4123296,Lilly Jorczyk,560-832-8010,ljorczyk8g@house.gov,'history',8/18/1962,1,Jorczyk
1034117,Lammond McGraw,786-997-4549,lmcgraw8h@nps.gov,'geographics',10/23/1966,1,McGraw
2042467,Gothart Stoter,964-493-6801,gstoter8i@jimdo.com,'biology',6/30/1995,2,Stoter
6581184,Clo Cashley,215-507-8379,ccashley8j@wix.com,'cardiology',2/8/1991,5,Cashley
4672282,Linell Clifforth,730-358-3982,lclifforth8k@sina.com.cn,'chemistry',9/28/1994,2,Clifforth
8125474,Van Huddart,721-640-2790,vhuddart8l@google.ru,'physics',4/19/1976,3,Huddart
2761367,Wini Gregori,568-274-1908,wgregori8m@github.io,'astronomy',11/28/1988,5,Gregori
8834437,Jammie Gaven,356-190-6421,jgaven8n@dropbox.com,'ecology',6/18/1992,3,Gaven
2606529,Justus Michallat,942-728-3879,jmichallat8o@soup.io,'economics',2/27/1993,4,Michallat
1413866,Elwood Bartel,382-434-3694,ebartel8p@mapy.cz,'english',5/14/2009,4,Bartel
6276451,Christy Baress,159-867-3247,cbaress8q@booking.com,'engineering',3/25/1973,4,Baress
6488927,Claretta Hinks,757-883-2815,chinks8r@nps.gov,'neurology',9/23/1994,5,Hinks
6440361,Keeley Hollyar,782-418-3132,khollyar8s@elegantthemes.com,'oncology',9/21/2003,5,Hollyar
8844812,Giovanni Brasher,992-775-4598,gbrasher8t@icq.com,'theatre',12/31/2008,1,Brasher
7872885,Brynne Jamson,126-216-3908,bjamson8u@squarespace.com,'psychology',8/28/1987,4,Jamson
6809874,Tudor Somerbell,374-732-9604,tsomerbell8v@wikia.com,'sociology',4/14/2004,2,Somerbell
3178719,Callean Mallam,564-482-6799,cmallam8w@tmall.com,'math',8/27/1998,4,Mallam
2838325,Adoree MacAnellye,148-955-9942,amacanellye8x@chronoengine.com,'computer science',11/16/1977,2,MacAnellye
1195141,Witty Guiraud,404-808-4980,wguiraud8y@ow.ly,'anthropology',1/8/1974,2,Guiraud
6288621,Albrecht Donoghue,679-984-3583,adonoghue8z@ca.gov,'art',12/6/2006,3,Donoghue
9896546,Kiele Allum,622-376-8431,kallum90@msu.edu,'history',2/11/1982,4,Allum
5852499,Samson Allott,132-307-5898,sallott91@oracle.com,'geographics',5/30/1981,1,Allott
6296169,Alfy O'Ruane,411-302-1377,aoruane92@prlog.org,'biology',1/27/2003,3,O'Ruane
6068567,Dorie Merit,784-325-0062,dmerit93@phoca.cz,'cardiology',2/15/2009,5,Merit
1465499,Marissa Bamborough,266-331-8975,mbamborough94@slate.com,'chemistry',11/12/1999,5,Bamborough
4159901,Waylen Wakelin,379-632-4372,wwakelin95@jigsy.com,'physics',7/3/1968,2,Wakelin
2649555,Samuel Aspinell,698-228-1130,saspinell96@amazon.com,'astronomy',2/22/1984,5,Aspinell
7674843,Ali Cawker,943-646-0425,acawker97@google.co.jp,'ecology',12/5/2000,1,Cawker
5164081,Barron Hurley,572-658-7737,bhurley98@smugmug.com,'economics',2/26/1990,4,Hurley
5612454,Eleanore Blood,672-503-5297,eblood99@last.fm,'english',3/3/1963,3,Blood
8350193,Violette Darlow,954-509-9130,vdarlow9a@over-blog.com,'engineering',10/19/1964,3,Darlow
9430516,Had Bamlett,855-730-2599,hbamlett9b@phoca.cz,'neurology',2/26/2005,3,Bamlett
1995465,Eachelle Simounet,360-977-8473,esimounet9c@imageshack.us,'oncology',4/12/2004,4,Simounet
1334515,Filbert Pickering,366-903-4429,fpickering9d@imgur.com,'theatre',1/22/1991,5,Pickering
9852736,Brina Southey,431-398-7192,bsouthey9e@timesonline.co.uk,'psychology',9/26/1987,3,Southey
4495699,Emilia Gianinotti,442-166-8382,egianinotti9f@whitehouse.gov,'sociology',8/24/1966,5,Gianinotti
2795704,Christiano Lucius,870-968-4412,clucius9g@nationalgeographic.com,'math',10/15/1976,2,Lucius
4831944,Alfie McArdell,913-752-1088,amcardell9h@chron.com,'computer science',6/12/2009,2,McArdell
8417417,Micky Robker,305-667-8161,mrobker9i@seattletimes.com,'anthropology',11/21/1998,1,Robker
9033508,Bram Bresson,341-540-4096,bbresson9j@japanpost.jp,'art',7/12/1966,4,Bresson
8631417,Josh Franc,949-597-2514,jfranc9k@un.org,'history',5/18/1992,1,Franc
4724627,Lyle Tansley,580-500-5565,ltansley9l@technorati.com,'geographics',11/8/1976,3,Tansley
8484961,Bridget Dorling,240-721-1771,bdorling9m@list-manage.com,'biology',4/2/1981,3,Dorling
3403475,Georgia Fautley,536-386-2467,gfautley9n@jimdo.com,'cardiology',9/2/1991,5,Fautley
1194437,Darn Agglione,249-258-5774,dagglione9o@kickstarter.com,'chemistry',11/14/1989,1,Agglione
1076973,Weider Coakley,624-678-8139,wcoakley9p@weebly.com,'physics',12/13/1989,3,Coakley
4311937,Lauree Easterfield,544-169-7073,leasterfield9q@irs.gov,'astronomy',9/15/1960,1,Easterfield
3737014,Chance Bode,566-823-7315,cbode9r@bluehost.com,'ecology',3/26/1987,4,Bode
1550809,Jeffy Devita,267-794-4813,jdevita9s@technorati.com,'economics',1/28/1999,1,Devita
1190522,Kandace Tarr,299-266-1140,ktarr9t@state.tx.us,'english',12/5/1968,2,Tarr
5394551,Almeta Whebell,160-989-7363,awhebell9u@hud.gov,'engineering',9/13/1974,3,Whebell
6727825,Giorgi Brigdale,790-332-4151,gbrigdale9v@miitbeian.gov.cn,'neurology',3/29/1960,1,Brigdale
4586248,Inger Cicchinelli,878-375-5059,icicchinelli9w@nasa.gov,'oncology',9/1/1990,4,Cicchinelli
6148289,Faustina Bullman,391-314-6201,fbullman9x@godaddy.com,'theatre',7/2/1961,1,Bullman
8594045,Olga Dodson,235-317-1292,ododson9y@google.cn,'psychology',2/25/1996,5,Dodson
5742541,Gabrila Cusack,502-500-7076,gcusack9z@creativecommons.org,'sociology',7/29/2000,5,Cusack
8282210,Odo Blindmann,484-806-3120,oblindmanna0@livejournal.com,'math',10/11/2004,3,Blindmann
4982548,Cloe Battill,230-522-8424,cbattilla1@bloglovin.com,'computer science',6/11/1995,5,Battill
9823044,Garth Eborn,579-334-5958,geborna2@example.com,'anthropology',11/8/1998,4,Eborn
8634239,Sophi Kuban,124-921-5770,skubana3@deliciousdays.com,'art',3/4/1964,3,Kuban
8658671,Hannis Retchford,282-502-0331,hretchforda4@sphinn.com,'history',12/3/1988,3,Retchford
8521473,Culley Bassam,215-582-1902,cbassama5@seesaa.net,'geographics',7/3/1972,2,Bassam
5510332,Denny Lynas,612-323-3337,dlynasa6@timesonline.co.uk,'biology',11/11/1974,3,Lynas
3637060,Merry McCourtie,766-344-5068,mmccourtiea7@mlb.com,'cardiology',7/30/1981,5,McCourtie
9132122,Rodge Kelland,291-524-9185,rkellanda8@mac.com,'chemistry',2/5/1969,1,Kelland
1827751,Lori Lamblin,286-642-3820,llamblina9@globo.com,'physics',7/14/1964,1,Lamblin
2231301,Obediah Ellerby,775-410-3083,oellerbyaa@nifty.com,'astronomy',8/3/1980,1,Ellerby
9946722,North Twopenny,577-869-9786,ntwopennyab@nasa.gov,'ecology',5/20/1971,1,Twopenny
2982439,Dorella Nise,406-208-4398,dniseac@newsvine.com,'economics',2/23/2004,5,Nise
2013363,Dirk Broadfoot,386-126-4224,dbroadfootad@ustream.tv,'english',2/3/1962,1,Broadfoot
7660918,Doti Brechin,959-772-6169,dbrechinae@thetimes.co.uk,'engineering',5/21/1978,5,Brechin
7310416,Masha Tripet,357-120-1644,mtripetaf@goodreads.com,'neurology',2/16/1981,1,Tripet
5576591,Jessie Paxforde,657-386-8671,jpaxfordeag@independent.co.uk,'oncology',8/11/1987,3,Paxforde
7784114,Crichton Rosenvasser,289-932-5862,crosenvasserah@360.cn,'theatre',7/2/1993,2,Rosenvasser
2603747,Adan Thebe,254-744-0140,athebeai@ovh.net,'psychology',11/9/2009,5,Thebe
2859335,Mannie Ruddle,615-286-3769,mruddleaj@yale.edu,'sociology',8/12/1972,5,Ruddle
7554711,Felizio Errowe,320-177-9539,ferroweak@amazon.co.jp,'math',3/26/1998,4,Errowe
4351964,Johann Droghan,148-954-9650,jdroghanal@home.pl,'computer science',1/10/1968,3,Droghan
8463903,Alyce Brient,583-716-3153,abrientam@nytimes.com,'anthropology',10/5/1976,5,Brient
2977015,Dorrie Bohlje,682-298-6852,dbohljean@github.com,'art',5/6/1975,4,Bohlje
4625244,Catina Softley,489-774-6147,csoftleyao@pbs.org,'history',8/11/1966,3,Softley
8333711,Nickie Ormston,383-996-3118,normstonap@nyu.edu,'geographics',7/10/1997,2,Ormston
9431594,Wadsworth Cawdron,512-741-0729,wcawdronaq@sitemeter.com,'biology',9/1/1974,5,Cawdron
6167642,Brooks Vispo,333-386-9643,bvispoar@shareasale.com,'cardiology',3/21/1982,5,Vispo
8862974,Faun Catlow,298-206-3663,fcatlowas@about.me,'chemistry',10/9/1982,1,Catlow
7081570,Lian Elsmore,178-641-3921,lelsmoreat@163.com,'physics',7/31/1988,1,Elsmore
6055990,Patten Wolvey,295-538-8946,pwolveyau@dedecms.com,'astronomy',7/12/1996,2,Wolvey
7565903,Mikol De Simone,694-863-3649,mdeav@dell.com,'ecology',7/31/2007,5,De Simone
5140186,Penn Josephsen,455-860-2726,pjosephsenaw@sohu.com,'economics',5/22/1975,2,Josephsen
3212136,Gardy Lodwick,794-823-2354,glodwickax@qq.com,'english',2/2/1980,1,Lodwick
2947537,Cherie Duberry,589-908-9282,cduberryay@rambler.ru,'engineering',8/6/1987,3,Duberry
4076072,Merola Sampson,703-993-5448,msampsonaz@ed.gov,'neurology',1/25/1996,1,Sampson
8014519,Garek Roussel,701-841-1687,grousselb0@bloomberg.com,'oncology',6/4/2004,5,Roussel
8567603,Lynn Toller,862-466-9273,ltollerb1@addtoany.com,'theatre',6/14/1974,2,Toller
1640746,Chandal Langfat,114-520-9853,clangfatb2@about.me,'psychology',5/7/1982,5,Langfat
2594229,Eileen Retallack,829-131-6341,eretallackb3@google.es,'sociology',4/4/1997,1,Retallack
